id,name,model_id:id,group_id:id,perm_read,perm_write,perm_create,perm_unlink
full_access_model_sale_order_management_id,full_access_model_sale_order_management,model_sale_order_management,base.group_user,1,1,1,1
full_access_model_sale_order_management_shop_id,full_access_model_sale_order_management_shop,model_sale_order_management_shop,base.group_user,1,1,1,1
full_access_report_delivered_id,full_access_report_delivered_name,model_sale_order_management_delivered_report,base.group_user,1,1,1,1
full_access_report_returned_id,full_access_report_returned_name,model_sale_order_management_returned_report,base.group_user,1,1,1,1
full_access_model_shopee_managment_id,full_access_model_shopee_managment_name,model_shopee_management,base.group_user,1,1,1,1
full_access_model_sale_order_management_shopee_shop_id,full_access_model_sale_order_management_shopee_shop,model_sale_order_management_shopee_shop,base.group_user,1,1,1,1
full_access_model_lazada_directory_id,full_access_model_lazada_directory_name,model_lazada_directory,base.group_user,1,1,1,1
full_access_model_shopee_directory_id,full_access_model_shopee_directory_name,model_shopee_directory,base.group_user,1,1,1,1
full_access_lazada_formula_id,full_access_lazada_formula_name,model_lazada_formula,base.group_user,1,1,1,1
full_access_lazada_report_order_number_delivered_id,full_access_lazada_report_order_number_delivered_name,model_lazada_report_order_number_delivered,base.group_user,1,1,1,1
full_access_lazada_report_order_number_returned_id,full_access_lazada_report_order_number_returned_name,model_lazada_report_order_number_returned,base.group_user,1,1,1,1
full_access_shopee_price_avg_report_id,full_access_shopee_price_avg_report_name,model_shopee_price_avg_report,base.group_user,1,1,1,1