<?xml version="1.0" encoding="utf-8"?>
<odoo>
    <data>
        <record id="sale_managment" model="ir.module.category">
            <field name="name">Sale Lazada</field>
            <field name="sequence">40</field>
        </record>

        <record id="user_normal_groups" model="res.groups">
            <field name="name">User</field>
            <field name="implied_ids" eval="[(4, ref('base.group_user'))]"/>
            <field name="category_id" ref="sale_managment"/>
        </record>

        <record id="user_manager_groups" model="res.groups">
            <field name="name">Manager</field>
            <field name="category_id" ref="sale_managment"/>
            <field name="implied_ids" eval="[(4, ref('user_normal_groups'))]"/>
			<!-- <field name="users" eval="[(4, ref('base.user_root')), (4, ref('base.user_admin'))]"/> -->
        </record>       

        <record id="sale_managment_shopee" model="ir.module.category">
            <field name="name">Sale Shopee</field>
            <field name="sequence">40</field>
        </record>

        <record id="user_normal_shopee_groups" model="res.groups">
            <field name="name">User</field>
            <field name="implied_ids" eval="[(4, ref('base.group_user'))]"/>
            <field name="category_id" ref="sale_managment_shopee"/>
        </record>

        <record id="user_manager_shopee_groups" model="res.groups">
            <field name="name">Manager</field>
            <field name="category_id" ref="sale_managment_shopee"/>
            <field name="implied_ids" eval="[(4, ref('user_normal_shopee_groups'))]"/>
			<!-- <field name="users" eval="[(4, ref('base.user_root')), (4, ref('base.user_admin'))]"/> -->
        </record>       

    </data>
</odoo>