<?xml version="1.0" encoding="UTF-8"?>
<templates id="template" xml:space="preserve">
    <t t-extend="ListView.buttons">
        <t t-jquery="button.o_list_button_add" t-operation="replace">
            <t t-if="widget != undefined">
                <button t-if="widget.modelName == 'sale.order.management' or widget.modelName == 'shopee.management'"
                    class="btn btn-secondary invisible-button"
                    type="button" style="display: none;">Invisible</button>
                <button t-if="widget.modelName != 'sale.order.management' and widget.modelName != 'shopee.management'"
                        class="btn btn-primary o_list_button_add" accesskey="c"
                        type="button">Create</button>
            </t>
        </t>
    </t>

    <t t-extend="ImportView.import_button">
        <t t-jquery="button.o_button_import" t-operation="replace">
            <t t-if="widget !== undefined">
                <button t-if="widget.modelName == 'sale.order.management'"
                        class="btn btn-primary o_button_process_csv"
                        type="button">Cập Nhật Hàng Mới (CSV)</button>
                <button t-if="widget.modelName == 'sale.order.management'"
                        class="btn btn-primary o_button_process_excel_lzd"
                        type="button">Cập Nhật Hàng Mới (EXCEL)</button>
                <button t-if="widget.modelName == 'shopee.management'"
                        class="btn btn-primary o_button_process_excel"
                        type="button">Cập Nhật Hàng Mới</button>
                <!-- <button t-if="widget.modelName == 'sale.order.management'"
                        class="btn btn-primary o_button_deliver_order"
                        type="button">Hàng Đã Giao</button>
                <button t-if="widget.modelName == 'sale.order.management'"
                        class="btn btn-primary o_button_returned_order"
                        type="button">Hàng Trả</button> -->
                <button t-if="widget.modelName != 'sale.order.management' and widget.modelName != 'shopee.management'"
                        class="btn btn-secondary o_button_import"
                        type="button">Import</button>
            </t>
        </t>
        <!-- <t t-jquery="button.o_button_import" t-operation="after">
            <t t-if="widget !== undefined">
                <button t-if="widget.modelName == 'sale.order.management'"
                        class="btn btn-primary o_button_process_csv"
                        type="button">Process Update</button>
            </t>
        </t> -->
    </t>
</templates>